month,count
2020-01,6316014
2020-02,6219553
2020-03,2965072
2020-04,230464
2020-05,336644
2020-06,529872
2020-07,772026
2020-08,974847
2020-09,1308905
2020-10,1644486
2020-11,1477617
2020-12,1431622
2021-01,1337555
2021-02,1339862
2021-03,1885503
2021-04,2127411
2021-05,2461067
2021-06,2786172
2021-07,2770534
2021-08,2736529
2021-09,2894117
2021-10,3406099
2021-11,3422269
2021-12,3161339
2022-01,2421384
2022-02,2931203
2022-03,3566661
2022-04,3539873
2022-05,3522065
2022-06,3484352
2022-07,3108083
2022-08,3082473
2022-09,3112626
2022-10,3588854
2022-11,3169458
2022-12,3312513
2023-01,2998280
2023-02,2850254
2023-03,3328129
2023-04,3220568
2023-05,3437618
2023-06,3230969
2023-07,2828642
2023-08,2737756
2023-09,2720893
2023-10,3366443
2023-11,3202475
2023-12,3263658
2024-01,2869600
2024-02,2901438
2024-03,3439859
2024-04,3414086
2024-05,3616297
2024-06,3428050
2024-07,2973780
2024-08,2867249
2024-09,3483690
2024-10,3681722
2024-11,3509852
2024-12,3518622
