pickup_datetime,trip_distance,duration_minutes,fare_amount,prediction,absolute_error
2024-02-29 13:17:33,6860.8,38.61666666666667,32.5,18057.032677196396,18024.532677196396
2024-02-08 21:38:21,65.58,71.85,422.3,224.6007657689743,197.6992342310257
2024-02-02 08:44:45,0.05,0.08333333333333333,200.0,38.700450979919,161.299549020081
2024-02-16 23:14:18,37.4,58.36666666666667,252.9,110.8318899307532,142.0681100692468
2024-02-21 06:08:37,0.01,0.08333333333333333,130.0,4.459790021229244,125.54020997877076
2024-02-10 16:18:11,45.0,70.06666666666666,292.1,173.9105689419477,118.18943105805232
2024-02-08 20:54:18,10.46,18.383333333333333,150.0,39.90092521517735,110.09907478482265
2024-02-04 17:46:17,0.14,0.11666666666666667,89.54,2.6485095018089124,86.89149049819109
2024-02-15 18:48:37,41.27,64.83333333333333,245.2,161.78861013331883,83.41138986668116
2024-02-12 18:25:08,0.03,0.1,89.0,6.178016258520329,82.82198374147967
2024-02-23 19:58:53,0.78,2.683333333333333,81.19,0.3565208720065698,80.83347912799343
2024-02-02 19:25:13,0.01,0.05,88.0,7.253831493967718,80.74616850603228
2024-02-25 20:51:35,0.07,0.5666666666666667,84.19,3.5820791783952277,80.60792082160476
2024-02-26 22:07:44,0.02,0.1,85.0,6.3956415946231555,78.60435840537684
2024-02-18 18:51:00,0.18,0.26666666666666666,86.69,8.413482463786005,78.27651753621399
2024-02-11 19:32:45,0.01,0.13333333333333333,84.19,6.825571247508448,77.36442875249155
2024-02-21 09:45:39,0.1,0.13333333333333333,89.78,16.631409505683703,73.1485904943163
2024-02-11 02:43:50,2.77,2.0166666666666666,90.0,17.0497893834791,72.9502106165209
2024-02-16 11:03:56,33.15,61.43333333333333,214.5,142.6637544753218,71.83624552467819
2024-02-01 15:04:49,0.06,0.1,87.69,16.558147666004288,71.13185233399571
